﻿<?xml version="1.0" encoding="utf-8"?>
<deployment>
  <id>a22a044f4e8b43569130bb4f8b6453d8</id>
  <author>N/A</author>
  <deployer>OneDeploy</deployer>
  <authorEmail>N/A</authorEmail>
  <message>OneDeploy</message>
  <progress></progress>
  <status>Success</status>
  <statusText></statusText>
  <lastSuccessEndTime>2025-12-12T04:58:15.5615772Z</lastSuccessEndTime>
  <receivedTime>2025-12-12T04:58:13.4205699Z</receivedTime>
  <startTime>2025-12-12T04:58:13.5768181Z</startTime>
  <endTime>2025-12-12T04:58:15.5615772Z</endTime>
  <complete>True</complete>
  <is_temp>False</is_temp>
  <is_readonly>True</is_readonly>
  <project_type>OneDeploy</project_type>
  <vsproject_id></vsproject_id>
</deployment>