﻿<?xml version="1.0" encoding="utf-8"?>
<deployment>
  <id>d5c4506bbdc14a96a7cc5fc85dfda3cf</id>
  <author>N/A</author>
  <deployer>OneDeploy</deployer>
  <authorEmail>N/A</authorEmail>
  <message>OneDeploy</message>
  <progress></progress>
  <status>Success</status>
  <statusText></statusText>
  <lastSuccessEndTime>2025-12-12T04:55:42.5220811Z</lastSuccessEndTime>
  <receivedTime>2025-12-12T04:55:38.4127004Z</receivedTime>
  <startTime>2025-12-12T04:55:38.5689495Z</startTime>
  <endTime>2025-12-12T04:55:42.5220811Z</endTime>
  <complete>True</complete>
  <is_temp>False</is_temp>
  <is_readonly>True</is_readonly>
  <project_type>OneDeploy</project_type>
  <vsproject_id></vsproject_id>
</deployment>