<step title="Incoming Request" date="2025-12-12T04:38:36.687" instance="92ca53" url="/api/siteextensions/Microsoft.AspNetCore.AzureAppServices.SiteExtension" method="PUT" type="request" pid="7636,2,13" Content-Length="0" Content-Type="application/json; charset=utf-8" Content-Encoding="utf-8" Accept-Encoding="gzip, deflate" Authorization="Bea..." Cookie="ARRAffinity=22a7daa836b64a8ce56c907737553d08297ff2e76cd06a1f52c29956b9a85c17; ARRAffinitySameSite=22a7daa836b64a8ce56c907737553d08297ff2e76cd06a1f52c29956b9a85c17" Host="skaiciuokle-e3hudbegbrdycfcs.scm.canadacentral-01.azurewebsites.net" User-Agent="Visual-Studio/17.11.4+35312.102 WebToolsExtension/17.11.231.19466" X-ARR-LOG-ID="8ef23529-a5e2-46cb-9a08-361907ccf03a" CLIENT-IP="87.247.101.128:51166" X-SITE-DEPLOYMENT-ID="skaiciuokle" WAS-DEFAULT-HOSTNAME="skaiciuokle-e3hudbegbrdycfcs.scm.canadacentral-01.azurewebsites.net" X-Forwarded-Proto="https" X-AppService-Proto="https" X-Forwarded-TlsVersion="1.3" X-WAWS-Unencoded-URL="/api/siteextensions/Microsoft.AspNetCore.AzureAppServices.SiteExtension" >
  <step title="Cleanup Xml Logs" date="2025-12-12T04:38:36.702" /><!-- duration: 0ms -->
  <step title="Installing Microsoft.AspNetCore.AzureAppServices.SiteExtension, version:  from feed: , packageUri: " date="2025-12-12T04:38:36.906" /><!-- duration: 0ms -->
  <step title="Installing &apos;Microsoft.AspNetCore.AzureAppServices.SiteExtension&apos; version &apos;&apos; from &apos;&apos;" date="2025-12-12T04:38:37.077" >
    <step title="Site Extension Microsoft.AspNetCore.AzureAppServices.SiteExtension remote version is 10.0.1" date="2025-12-12T04:38:37.531" /><!-- duration: 0ms -->
    <step title="FeedExtensionsV2 search package by id: Microsoft.AspNetCore.AzureAppServices.SiteExtension and version: ." date="2025-12-12T04:38:37.546" /><!-- duration: 16ms -->
    <step title="Install package: Microsoft.AspNetCore.AzureAppServices.SiteExtension." date="2025-12-12T04:38:37.562" >
      <step title="Download site extension: Microsoft.AspNetCore.AzureAppServices.SiteExtension" date="2025-12-12T04:38:37.562" /><!-- duration: 2469ms -->
      <step title="Check if applicationHost.xdt or scmApplicationHost.xdt file existed." date="2025-12-12T04:38:40.031" /><!-- duration: 0ms -->
      <step title="Trigger site extension job" date="2025-12-12T04:38:40.047" /><!-- duration: 0ms -->
    </step><!-- duration: 2532ms -->
    <step title="Update arm settings for Microsoft.AspNetCore.AzureAppServices.SiteExtension installation. Status: OK" date="2025-12-12T04:38:40.141" /><!-- duration: 78ms -->
  </step><!-- duration: 3157ms -->
  <step title="Outgoing response" date="2025-12-12T04:38:40.266" type="response" statusCode="200" statusText="OK" Server="Microsoft-IIS/10.0" x-ms-request-id="8ef23529-a5e2-46cb-9a08-361907ccf03a" Cache-Control="private" X-AspNet-Version="4.0.30319" Content-Type="application/json; charset=utf-8" /><!-- duration: 0ms -->
</step><!-- duration: 3594ms -->
