<step title="Incoming Request" date="2025-12-12T04:55:37.459" instance="92ca53" url="/api/publish?type=zip" method="POST" type="request" pid="8580,2,20" Cache-Control="no-cache" Content-Length="4461460" Content-Type="application/octet-stream" Accept="*/*" Accept-Encoding="gzip, deflate" Authorization="Bea..." Host="skaiciuokle-e3hudbegbrdycfcs.scm.canadacentral-01.azurewebsites.net" User-Agent="AZURECLI/2.80.0 (MSI)" x-ms-client-request-id="c60c63ce-d716-11f0-b2d2-24ee9ad9d73e" X-ARR-LOG-ID="c60c63ce-d716-11f0-b2d2-24ee9ad9d73e" CLIENT-IP="87.247.101.128:51530" X-SITE-DEPLOYMENT-ID="skaiciuokle" WAS-DEFAULT-HOSTNAME="skaiciuokle-e3hudbegbrdycfcs.scm.canadacentral-01.azurewebsites.net" X-Forwarded-Proto="https" X-AppService-Proto="https" X-Forwarded-TlsVersion="1.3" X-WAWS-Unencoded-URL="/api/publish?type=zip" >
  <step title="Cleanup Xml Logs" date="2025-12-12T04:55:37.459" /><!-- duration: 0ms -->
  <step title="OneDeploy" date="2025-12-12T04:55:37.522" >
    <step title="Starting PushDeployAsync" date="2025-12-12T04:55:37.537" /><!-- duration: 0ms -->
    <step title="Updating shutdown sentinel last write time" date="2025-12-12T04:55:37.600" SemaphoreCount="7" /><!-- duration: 0ms -->
    <step title="LockFile &apos;C:\home\site\locks\deployments.lock&apos; acquired" date="2025-12-12T04:55:37.615" /><!-- duration: 0ms -->
    <step title="Saving request content to C:\local\Temp\zipdeploy\ipr5tjvz.zip" date="2025-12-12T04:55:37.631" >
      <step title="Total 4,461,460 bytes written to C:\local\Temp\zipdeploy\ipr5tjvz.zip" date="2025-12-12T04:55:37.772" /><!-- duration: 16ms -->
    </step><!-- duration: 156ms -->
    <step title="LockFile &apos;C:\home\site\locks\deployments.lock&apos; released" date="2025-12-12T04:55:37.787" /><!-- duration: 0ms -->
    <step title="Deleting shutdown sentinel file" date="2025-12-12T04:55:37.803" SemaphoreCount="8" /><!-- duration: 0ms -->
    <step title="Starting FetchDeploy" date="2025-12-12T04:55:37.818" /><!-- duration: 0ms -->
    <step title="Attempting to fetch target branch HEAD" date="2025-12-12T04:55:37.818" /><!-- duration: 0ms -->
    <step title="Updating shutdown sentinel last write time" date="2025-12-12T04:55:37.834" SemaphoreCount="7" /><!-- duration: 0ms -->
    <step title="LockFile &apos;C:\home\site\locks\deployments.lock&apos; acquired" date="2025-12-12T04:55:37.850" /><!-- duration: 0ms -->
    <step title="Performing fetch based deployment" date="2025-12-12T04:55:37.865" >
      <step title="Creating temporary deployment" date="2025-12-12T04:55:37.865" /><!-- duration: 47ms -->
      <step title="Fetching changes." date="2025-12-12T04:55:37.975" /><!-- duration: 16ms -->
      <step title="Starting LocalZipHandler" date="2025-12-12T04:55:38.006" /><!-- duration: 0ms -->
      <step title="Starting LocalZipFetch" date="2025-12-12T04:55:38.022" /><!-- duration: 0ms -->
      <step title="Cleaning up temp folders from previous zip deployments and extracting pushed zip file C:\local\Temp\zipdeploy\ipr5tjvz.zip (4.25 MB) to C:\local\Temp\zipdeploy\extracted" date="2025-12-12T04:55:38.022" /><!-- duration: 16ms -->
      <step title="Cleaning up temp folders from previous zip deployments and extracting pushed zip file C:\local\Temp\zipdeploy\ipr5tjvz.zip (4.25 MB) to C:\local\Temp\zipdeploy\extracted" date="2025-12-12T04:55:38.037" >
        <step title="Extracting 110 entries to C:\local\Temp\zipdeploy\extracted directory" date="2025-12-12T04:55:38.053" >
          <step title="Extracting to C:\local\Temp\zipdeploy\extracted\publish\appsettings.Development.json ..." date="2025-12-12T04:55:38.053" /><!-- duration: 16ms -->
          <step title="Extracting to C:\local\Temp\zipdeploy\extracted\publish\appsettings.json ..." date="2025-12-12T04:55:38.068" /><!-- duration: 16ms -->
          <step title="Extracting to C:\local\Temp\zipdeploy\extracted\publish\appsettings.Production.json ..." date="2025-12-12T04:55:38.084" /><!-- duration: 0ms -->
          <step title="Extracting to C:\local\Temp\zipdeploy\extracted\publish\projektas.deps.json ..." date="2025-12-12T04:55:38.084" /><!-- duration: 16ms -->
          <step title="Extracting to C:\local\Temp\zipdeploy\extracted\publish\projektas.runtimeconfig.json ..." date="2025-12-12T04:55:38.100" /><!-- duration: 0ms -->
          <step title="Omitting extracting file traces ..." date="2025-12-12T04:55:38.115" /><!-- duration: 0ms -->
          <step title="Extracting to C:\local\Temp\zipdeploy\extracted\projektas.runtimeconfig.json ..." date="2025-12-12T04:55:38.318" /><!-- duration: 16ms -->
          <step title="Extracting to C:\local\Temp\zipdeploy\extracted\System.IdentityModel.Tokens.Jwt.dll ..." date="2025-12-12T04:55:38.334" /><!-- duration: 16ms -->
          <step title="Extracting to C:\local\Temp\zipdeploy\extracted\web.config ..." date="2025-12-12T04:55:38.350" /><!-- duration: 0ms -->
        </step><!-- duration: 297ms -->
      </step><!-- duration: 328ms -->
      <step title="None repository commit" date="2025-12-12T04:55:38.365" >
        <step title="Commit id: d5c4506bbdc14a96a7cc5fc85dfda3cf" date="2025-12-12T04:55:38.365" Message="OneDeploy" AuthorName="N/A" AuthorEmail="N/A" /><!-- duration: 0ms -->
      </step><!-- duration: 16ms -->
      <step title="Before sending BuildRequestReceived status to /api/updatedeploystatus" date="2025-12-12T04:55:38.381" /><!-- duration: 0ms -->
      <step title="DeploymentManager.Deploy(id:d5c4506bbdc14a96a7cc5fc85dfda3cf)" date="2025-12-12T04:55:38.397" >
        <step title="Collecting changeset information" date="2025-12-12T04:55:38.397" /><!-- duration: 31ms -->
        <step title="Updating submodules" date="2025-12-12T04:55:38.428" >
          <step title="Updating submodules." date="2025-12-12T04:55:38.475" /><!-- duration: 16ms -->
        </step><!-- duration: 62ms -->
        <step title="Preparing deployment for commit id &apos;d5c4506bbd&apos;." date="2025-12-12T04:55:38.537" /><!-- duration: 0ms -->
        <step title="Determining deployment builder" date="2025-12-12T04:55:38.584" >
          <step title="Builder is OneDeployBuilder" date="2025-12-12T04:55:38.600" /><!-- duration: 0ms -->
        </step><!-- duration: 16ms -->
        <step title="Copying SSH keys" date="2025-12-12T04:55:38.615" /><!-- duration: 16ms -->
        <step title="Building" date="2025-12-12T04:55:38.631" >
          <step title="Running build. Project type: OneDeploy" date="2025-12-12T04:55:38.678" /><!-- duration: 0ms -->
          <step title="Copying the manifest" date="2025-12-12T04:55:38.725" /><!-- duration: 0ms -->
          <step title="Clean deploying to C:\home\site\wwwroot" date="2025-12-12T04:55:38.772" /><!-- duration: 16ms -->
          <step title="Generating deployment script." date="2025-12-12T04:55:38.818" /><!-- duration: 16ms -->
          <step title="Generating deployment script" date="2025-12-12T04:55:38.834" >
            <step title="Using the following command to generate deployment script: &apos;azure site deploymentscript -y --no-dot-deployment -r &quot;C:\local\Temp\zipdeploy\extracted&quot; -o &quot;C:\home\site\deployments\tools&quot; --basic --sitePath &quot;C:\local\Temp\zipdeploy\extracted&quot;&apos;." date="2025-12-12T04:55:38.881" /><!-- duration: 16ms -->
            <step title="Executing external process" date="2025-12-12T04:55:38.912" type="process" path="starter.cmd" arguments="&quot;C:\Program Files (x86)\SiteExtensions\Kudu\2025.09.1.1\bin\node_modules\.bin\kuduscript.cmd&quot; -y --no-dot-deployment -r &quot;C:\local\Temp\zipdeploy\extracted&quot; -o &quot;C:\home\site\deployments\tools&quot; --basic --sitePath &quot;C:\local\Temp\zipdeploy\extracted&quot;" >
              <step title="Generating deployment script for Web Site" date="2025-12-12T04:55:39.037" /><!-- duration: 16ms -->
              <step title="Generated deployment script files" date="2025-12-12T04:55:39.053" /><!-- duration: 16ms -->
            </step><!-- duration: 219ms -->
            <step title="Saved cached version of the deployment script for command -y --no-dot-deployment -r &quot;C:\local\Temp\zipdeploy\extracted&quot; -o &quot;C:\home\site\deployments\tools&quot; --basic --sitePath &quot;C:\local\Temp\zipdeploy\extracted&quot;" date="2025-12-12T04:55:39.147" /><!-- duration: 0ms -->
          </step><!-- duration: 313ms -->
          <step title="Running deployment command..." date="2025-12-12T04:55:39.193" /><!-- duration: 0ms -->
          <step title="Command: &quot;C:\home\site\deployments\tools\deploy.cmd&quot;" date="2025-12-12T04:55:39.209" /><!-- duration: 0ms -->
          <step title="Executing external process" date="2025-12-12T04:55:39.225" type="process" path="starter.cmd" arguments="&quot;C:\home\site\deployments\tools\deploy.cmd&quot;" >
            <step title="Handling Basic Web Site deployment." date="2025-12-12T04:55:39.350" /><!-- duration: 16ms -->
            <step title="Creating app_offline.htm" date="2025-12-12T04:55:39.693" /><!-- duration: 0ms -->
            <step title="KuduSync.NET from: &apos;C:\local\Temp\zipdeploy\extracted&apos; to: &apos;C:\home\site\wwwroot&apos;" date="2025-12-12T04:55:39.709" /><!-- duration: 0ms -->
            <step title="Deleting file: &apos;hostingstart.html&apos;" date="2025-12-12T04:55:39.725" /><!-- duration: 16ms -->
            <step title="Copying file: &apos;appsettings.Development.json&apos;" date="2025-12-12T04:55:39.740" /><!-- duration: 16ms -->
            <step title="Copying file: &apos;appsettings.json&apos;" date="2025-12-12T04:55:39.756" /><!-- duration: 16ms -->
            <step title="Copying file: &apos;appsettings.Production.json&apos;" date="2025-12-12T04:55:39.787" /><!-- duration: 0ms -->
            <step title="Copying file: &apos;AutoMapper.dll&apos;" date="2025-12-12T04:55:39.803" /><!-- duration: 0ms -->
            <step title="Copying file: &apos;AutoMapper.Extensions.Microsoft.DependencyInjection.dll&apos;" date="2025-12-12T04:55:39.818" /><!-- duration: 0ms -->
            <step title="Copying file: &apos;Microsoft.AspNetCore.Authentication.JwtBearer.dll&apos;" date="2025-12-12T04:55:39.834" /><!-- duration: 0ms -->
            <step title="Copying file: &apos;Microsoft.EntityFrameworkCore.Abstractions.dll&apos;" date="2025-12-12T04:55:39.850" /><!-- duration: 0ms -->
            <step title="Copying file: &apos;Microsoft.EntityFrameworkCore.dll&apos;" date="2025-12-12T04:55:39.865" /><!-- duration: 0ms -->
            <step title="Copying file: &apos;Microsoft.EntityFrameworkCore.Relational.dll&apos;" date="2025-12-12T04:55:39.881" /><!-- duration: 0ms -->
            <step title="Copying file: &apos;Microsoft.IdentityModel.Abstractions.dll&apos;" date="2025-12-12T04:55:39.897" /><!-- duration: 0ms -->
            <step title="Copying file: &apos;Microsoft.IdentityModel.JsonWebTokens.dll&apos;" date="2025-12-12T04:55:39.912" /><!-- duration: 16ms -->
            <step title="Copying file: &apos;Microsoft.IdentityModel.Logging.dll&apos;" date="2025-12-12T04:55:39.928" /><!-- duration: 16ms -->
            <step title="Copying file: &apos;Microsoft.IdentityModel.Protocols.dll&apos;" date="2025-12-12T04:55:39.943" /><!-- duration: 16ms -->
            <step title="Copying file: &apos;Microsoft.IdentityModel.Protocols.OpenIdConnect.dll&apos;" date="2025-12-12T04:55:39.959" /><!-- duration: 16ms -->
            <step title="Copying file: &apos;Microsoft.IdentityModel.Tokens.dll&apos;" date="2025-12-12T04:55:39.975" /><!-- duration: 16ms -->
            <step title="Copying file: &apos;Npgsql.dll&apos;" date="2025-12-12T04:55:39.990" /><!-- duration: 16ms -->
            <step title="Copying file: &apos;Npgsql.EntityFrameworkCore.PostgreSQL.dll&apos;" date="2025-12-12T04:55:40.022" /><!-- duration: 0ms -->
            <step title="Copying file: &apos;projektas.deps.json&apos;" date="2025-12-12T04:55:40.037" /><!-- duration: 0ms -->
            <step title="Copying file: &apos;projektas.dll&apos;" date="2025-12-12T04:55:40.053" /><!-- duration: 0ms -->
            <step title="Copying file: &apos;projektas.exe&apos;" date="2025-12-12T04:55:40.068" /><!-- duration: 0ms -->
            <step title="Copying file: &apos;projektas.pdb&apos;" date="2025-12-12T04:55:40.084" /><!-- duration: 0ms -->
            <step title="Copying file: &apos;projektas.runtimeconfig.json&apos;" date="2025-12-12T04:55:40.100" /><!-- duration: 0ms -->
            <step title="Copying file: &apos;System.IdentityModel.Tokens.Jwt.dll&apos;" date="2025-12-12T04:55:40.131" /><!-- duration: 0ms -->
            <step title="Deleting file: &apos;publish\publish\appsettings.Development.json&apos;" date="2025-12-12T04:55:40.147" /><!-- duration: 0ms -->
            <step title="Deleting file: &apos;publish\publish\appsettings.json&apos;" date="2025-12-12T04:55:40.162" /><!-- duration: 0ms -->
            <step title="Deleting file: &apos;publish\publish\appsettings.Production.json&apos;" date="2025-12-12T04:55:40.178" /><!-- duration: 0ms -->
            <step title="Deleting file: &apos;publish\publish\projektas.deps.json&apos;" date="2025-12-12T04:55:40.193" /><!-- duration: 0ms -->
            <step title="Deleting file: &apos;publish\publish\projektas.runtimeconfig.json&apos;" date="2025-12-12T04:55:40.209" /><!-- duration: 0ms -->
            <step title="Deleting file: &apos;publish\publish\web.config&apos;" date="2025-12-12T04:55:40.225" /><!-- duration: 0ms -->
            <step title="Deleting directory: &apos;publish\publish&apos;" date="2025-12-12T04:55:40.240" /><!-- duration: 0ms -->
            <step title="Copying file: &apos;publish\appsettings.Development.json&apos;" date="2025-12-12T04:55:40.256" /><!-- duration: 0ms -->
            <step title="Copying file: &apos;publish\appsettings.json&apos;" date="2025-12-12T04:55:40.272" /><!-- duration: 16ms -->
            <step title="Copying file: &apos;publish\appsettings.Production.json&apos;" date="2025-12-12T04:55:40.287" /><!-- duration: 16ms -->
            <step title="Copying file: &apos;publish\projektas.deps.json&apos;" date="2025-12-12T04:55:40.303" /><!-- duration: 16ms -->
            <step title="Copying file: &apos;publish\projektas.runtimeconfig.json&apos;" date="2025-12-12T04:55:40.318" /><!-- duration: 16ms -->
            <step title="Copying file: &apos;wwwroot\favicon.ico&apos;" date="2025-12-12T04:55:40.350" /><!-- duration: 0ms -->
            <step title="Copying file: &apos;wwwroot\index.html&apos;" date="2025-12-12T04:55:40.365" /><!-- duration: 0ms -->
            <step title="Copying file: &apos;wwwroot\login.html&apos;" date="2025-12-12T04:55:40.381" /><!-- duration: 0ms -->
            <step title="Copying file: &apos;wwwroot\orders.html&apos;" date="2025-12-12T04:55:40.397" /><!-- duration: 0ms -->
            <step title="Copying file: &apos;wwwroot\products.html&apos;" date="2025-12-12T04:55:40.412" /><!-- duration: 0ms -->
            <step title="Copying file: &apos;wwwroot\profile.html&apos;" date="2025-12-12T04:55:40.428" /><!-- duration: 0ms -->
            <step title="Copying file: &apos;wwwroot\projektas.styles.css&apos;" date="2025-12-12T04:55:40.459" /><!-- duration: 0ms -->
            <step title="Copying file: &apos;wwwroot\register.html&apos;" date="2025-12-12T04:55:40.475" /><!-- duration: 0ms -->
            <step title="Copying file: &apos;wwwroot\test.html&apos;" date="2025-12-12T04:55:40.490" /><!-- duration: 16ms -->
            <step title="Copying file: &apos;wwwroot\css\auth.css&apos;" date="2025-12-12T04:55:40.506" /><!-- duration: 16ms -->
            <step title="Copying file: &apos;wwwroot\css\site.css&apos;" date="2025-12-12T04:55:40.522" /><!-- duration: 16ms -->
            <step title="Copying file: &apos;wwwroot\css\styles.css&apos;" date="2025-12-12T04:55:40.537" /><!-- duration: 16ms -->
            <step title="Omitting next output lines..." date="2025-12-12T04:55:40.553" /><!-- duration: 16ms -->
            <step title="Finished successfully." date="2025-12-12T04:55:41.912" /><!-- duration: 0ms -->
          </step><!-- duration: 2688ms -->
          <step title="Build completed succesfully." date="2025-12-12T04:55:41.959" /><!-- duration: 0ms -->
          <step title="Running post deployment command(s)..." date="2025-12-12T04:55:41.990" /><!-- duration: 0ms -->
          <step title="Requesting site restart" date="2025-12-12T04:55:42.053" /><!-- duration: 0ms -->
          <step title="Requesting site restart" date="2025-12-12T04:55:42.068" /><!-- duration: 0ms -->
          <step title="Requesting site restart. Attempt #1" date="2025-12-12T04:55:42.100" /><!-- duration: 0ms -->
          <step title="Requesting site restart. Attempt #1" date="2025-12-12T04:55:42.115" /><!-- duration: 0ms -->
          <step title="Successfully requested a restart. Attempt #1" date="2025-12-12T04:55:42.443" /><!-- duration: 0ms -->
          <step title="Successfully requested a restart. Attempt #1" date="2025-12-12T04:55:42.459" /><!-- duration: 0ms -->
          <step title="Deployment successful. DEPLOYMENTINFO: deploymentPath = OneDeploy, deployer = OneDeploy, os = windows, sku = Free, siteName = skaiciuokle, siteHostName = skaiciuokle-e3hudbegbrdycfcs.canadacentral-01.azurewebsites.net, deploymentStatus = Success" date="2025-12-12T04:55:42.490" /><!-- duration: 16ms -->
        </step><!-- duration: 3984ms -->
      </step><!-- duration: 4219ms -->
      <step title="Cleaning up temp files" date="2025-12-12T04:55:42.631" /><!-- duration: 0ms -->
      <step title="Skip function trigger and logicapp sync because function is not enabled." date="2025-12-12T04:55:42.631" /><!-- duration: 16ms -->
    </step><!-- duration: 4813ms -->
    <step title="LockFile &apos;C:\home\site\locks\deployments.lock&apos; released" date="2025-12-12T04:55:42.678" /><!-- duration: 0ms -->
    <step title="Deleting shutdown sentinel file" date="2025-12-12T04:55:42.694" SemaphoreCount="8" /><!-- duration: 0ms -->
  </step><!-- duration: 5188ms -->
  <step title="Outgoing response" date="2025-12-12T04:55:42.710" type="response" statusCode="200" statusText="OK" Server="Microsoft-IIS/10.0" x-ms-request-id="c60c63ce-d716-11f0-b2d2-24ee9ad9d73e" Cache-Control="private" X-AspNet-Version="4.0.30319" /><!-- duration: 0ms -->
</step><!-- duration: 5250ms -->
