<step title="Incoming Request" date="2025-12-12T04:50:26.426" instance="92ca53" url="/api/siteextensions/Microsoft.AspNetCore.AzureAppServices.SiteExtension" method="PUT" type="request" pid="9860,2,17" Content-Length="0" Content-Type="application/json; charset=utf-8" Content-Encoding="utf-8" Accept-Encoding="gzip, deflate" Authorization="Bea..." Cookie="ARRAffinity=92ca53ad8db4fbb93d4d3b7d8ab54dcf8ffecb2d731f25b0e91ad575d7534c3f; ARRAffinitySameSite=92ca53ad8db4fbb93d4d3b7d8ab54dcf8ffecb2d731f25b0e91ad575d7534c3f" Host="skaiciuokle-e3hudbegbrdycfcs.scm.canadacentral-01.azurewebsites.net" User-Agent="Visual-Studio/17.11.4+35312.102 WebToolsExtension/17.11.231.19466" X-ARR-LOG-ID="089c6beb-09c5-4fcd-99b2-7f84596982d3" CLIENT-IP="87.247.101.128:63856" X-SITE-DEPLOYMENT-ID="skaiciuokle" WAS-DEFAULT-HOSTNAME="skaiciuokle-e3hudbegbrdycfcs.scm.canadacentral-01.azurewebsites.net" X-Forwarded-Proto="https" X-AppService-Proto="https" X-Forwarded-TlsVersion="1.3" X-WAWS-Unencoded-URL="/api/siteextensions/Microsoft.AspNetCore.AzureAppServices.SiteExtension" >
  <step title="Installing Microsoft.AspNetCore.AzureAppServices.SiteExtension, version:  from feed: , packageUri: " date="2025-12-12T04:50:26.863" /><!-- duration: 16ms -->
  <step title="Installing &apos;Microsoft.AspNetCore.AzureAppServices.SiteExtension&apos; version &apos;&apos; from &apos;&apos;" date="2025-12-12T04:50:27.082" >
    <step title="Site Extension Microsoft.AspNetCore.AzureAppServices.SiteExtension local version is 10.0.1" date="2025-12-12T04:50:27.129" /><!-- duration: 0ms -->
    <step title="Site Extension Microsoft.AspNetCore.AzureAppServices.SiteExtension remote version is 10.0.1" date="2025-12-12T04:50:27.613" /><!-- duration: 0ms -->
    <step title="Site Extension with id Microsoft.AspNetCore.AzureAppServices.SiteExtension is already installed" date="2025-12-12T04:50:27.613" /><!-- duration: 16ms -->
    <step title="Now querying from local repo for package &apos;Microsoft.AspNetCore.AzureAppServices.SiteExtension&apos;." date="2025-12-12T04:50:27.629" >
      <step title="Search packages locally with filter: Microsoft.AspNetCore.AzureAppServices.SiteExtension" date="2025-12-12T04:50:27.629" /><!-- duration: 47ms -->
      <step title="Adding local metadata to site extensions" date="2025-12-12T04:50:27.691" /><!-- duration: 62ms -->
    </step><!-- duration: 125ms -->
    <step title="Package Microsoft.AspNetCore.AzureAppServices.SiteExtension with version  from  with installation arguments &apos;&apos; already installed." date="2025-12-12T04:50:27.769" /><!-- duration: 16ms -->
    <step title="Update arm settings for Microsoft.AspNetCore.AzureAppServices.SiteExtension installation. Status: OK" date="2025-12-12T04:50:27.801" /><!-- duration: 125ms -->
  </step><!-- duration: 844ms -->
  <step title="Outgoing response" date="2025-12-12T04:50:28.019" type="response" statusCode="200" statusText="OK" Server="Microsoft-IIS/10.0" x-ms-request-id="089c6beb-09c5-4fcd-99b2-7f84596982d3" Cache-Control="private" X-AspNet-Version="4.0.30319" Content-Type="application/json; charset=utf-8" /><!-- duration: 0ms -->
</step><!-- duration: 1594ms -->
