<step title="Incoming Request" date="2025-12-12T04:58:11.715" instance="92ca53" url="/api/publish?type=zip" method="POST" type="request" pid="7592,2,13" Cache-Control="no-cache" Content-Length="4467248" Content-Type="application/octet-stream" Accept="*/*" Accept-Encoding="gzip, deflate" Authorization="Bea..." Host="skaiciuokle-e3hudbegbrdycfcs.scm.canadacentral-01.azurewebsites.net" User-Agent="AZURECLI/2.80.0 (MSI)" x-ms-client-request-id="23f8b07b-d717-11f0-8a49-24ee9ad9d73e" X-ARR-LOG-ID="23f8b07b-d717-11f0-8a49-24ee9ad9d73e" CLIENT-IP="87.247.101.128:58036" X-SITE-DEPLOYMENT-ID="skaiciuokle" WAS-DEFAULT-HOSTNAME="skaiciuokle-e3hudbegbrdycfcs.scm.canadacentral-01.azurewebsites.net" X-Forwarded-Proto="https" X-AppService-Proto="https" X-Forwarded-TlsVersion="1.3" X-WAWS-Unencoded-URL="/api/publish?type=zip" >
  <step title="Cleanup Xml Logs" date="2025-12-12T04:58:11.715" /><!-- duration: 16ms -->
  <step title="OneDeploy" date="2025-12-12T04:58:12.059" >
    <step title="Starting PushDeployAsync" date="2025-12-12T04:58:12.074" /><!-- duration: 0ms -->
    <step title="Updating shutdown sentinel last write time" date="2025-12-12T04:58:12.090" SemaphoreCount="7" /><!-- duration: 16ms -->
    <step title="LockFile &apos;C:\home\site\locks\deployments.lock&apos; acquired" date="2025-12-12T04:58:12.105" /><!-- duration: 0ms -->
    <step title="Saving request content to C:\local\Temp\zipdeploy\mz1rjgye.zip" date="2025-12-12T04:58:12.121" >
      <step title="Total 4,467,248 bytes written to C:\local\Temp\zipdeploy\mz1rjgye.zip" date="2025-12-12T04:58:12.811" /><!-- duration: 0ms -->
    </step><!-- duration: 690ms -->
    <step title="LockFile &apos;C:\home\site\locks\deployments.lock&apos; released" date="2025-12-12T04:58:12.826" /><!-- duration: 0ms -->
    <step title="Deleting shutdown sentinel file" date="2025-12-12T04:58:12.826" SemaphoreCount="8" /><!-- duration: 0ms -->
    <step title="Starting FetchDeploy" date="2025-12-12T04:58:12.842" /><!-- duration: 0ms -->
    <step title="Attempting to fetch target branch HEAD" date="2025-12-12T04:58:12.858" /><!-- duration: 0ms -->
    <step title="Updating shutdown sentinel last write time" date="2025-12-12T04:58:12.873" SemaphoreCount="7" /><!-- duration: 0ms -->
    <step title="LockFile &apos;C:\home\site\locks\deployments.lock&apos; acquired" date="2025-12-12T04:58:12.873" /><!-- duration: 0ms -->
    <step title="Performing fetch based deployment" date="2025-12-12T04:58:12.889" >
      <step title="Creating temporary deployment" date="2025-12-12T04:58:12.889" /><!-- duration: 47ms -->
      <step title="Fetching changes." date="2025-12-12T04:58:12.998" /><!-- duration: 0ms -->
      <step title="Starting LocalZipHandler" date="2025-12-12T04:58:13.014" /><!-- duration: 0ms -->
      <step title="Starting LocalZipFetch" date="2025-12-12T04:58:13.029" /><!-- duration: 0ms -->
      <step title="Cleaning up temp folders from previous zip deployments and extracting pushed zip file C:\local\Temp\zipdeploy\mz1rjgye.zip (4.26 MB) to C:\local\Temp\zipdeploy\extracted" date="2025-12-12T04:58:13.029" /><!-- duration: 16ms -->
      <step title="Cleaning up temp folders from previous zip deployments and extracting pushed zip file C:\local\Temp\zipdeploy\mz1rjgye.zip (4.26 MB) to C:\local\Temp\zipdeploy\extracted" date="2025-12-12T04:58:13.045" >
        <step title="Renaming extractTargetDirectory(C:\local\Temp\zipdeploy\extracted) to tempDirectory(C:\local\Temp\zipdeploy\pfn2weju.v4g)" date="2025-12-12T04:58:13.045" /><!-- duration: 16ms -->
        <step title="Extracting 116 entries to C:\local\Temp\zipdeploy\extracted directory" date="2025-12-12T04:58:13.076" >
          <step title="Extracting to C:\local\Temp\zipdeploy\extracted\publish\appsettings.Development.json ..." date="2025-12-12T04:58:13.076" /><!-- duration: 16ms -->
          <step title="Extracting to C:\local\Temp\zipdeploy\extracted\publish\appsettings.json ..." date="2025-12-12T04:58:13.092" /><!-- duration: 0ms -->
          <step title="Extracting to C:\local\Temp\zipdeploy\extracted\publish\appsettings.Production.json ..." date="2025-12-12T04:58:13.108" /><!-- duration: 0ms -->
          <step title="Extracting to C:\local\Temp\zipdeploy\extracted\publish\projektas.deps.json ..." date="2025-12-12T04:58:13.108" /><!-- duration: 0ms -->
          <step title="Extracting to C:\local\Temp\zipdeploy\extracted\publish\projektas.runtimeconfig.json ..." date="2025-12-12T04:58:13.123" /><!-- duration: 0ms -->
          <step title="Omitting extracting file traces ..." date="2025-12-12T04:58:13.123" /><!-- duration: 0ms -->
          <step title="Extracting to C:\local\Temp\zipdeploy\extracted\projektas.runtimeconfig.json ..." date="2025-12-12T04:58:13.342" /><!-- duration: 0ms -->
          <step title="Extracting to C:\local\Temp\zipdeploy\extracted\System.IdentityModel.Tokens.Jwt.dll ..." date="2025-12-12T04:58:13.342" /><!-- duration: 0ms -->
          <step title="Extracting to C:\local\Temp\zipdeploy\extracted\web.config ..." date="2025-12-12T04:58:13.358" /><!-- duration: 0ms -->
        </step><!-- duration: 281ms -->
      </step><!-- duration: 328ms -->
      <step title="None repository commit" date="2025-12-12T04:58:13.373" >
        <step title="Commit id: a22a044f4e8b43569130bb4f8b6453d8" date="2025-12-12T04:58:13.373" Message="OneDeploy" AuthorName="N/A" AuthorEmail="N/A" /><!-- duration: 0ms -->
      </step><!-- duration: 16ms -->
      <step title="Before sending BuildRequestReceived status to /api/updatedeploystatus" date="2025-12-12T04:58:13.389" /><!-- duration: 0ms -->
      <step title="DeploymentManager.Deploy(id:a22a044f4e8b43569130bb4f8b6453d8)" date="2025-12-12T04:58:13.389" >
        <step title="Collecting changeset information" date="2025-12-12T04:58:13.420" /><!-- duration: 31ms -->
        <step title="Updating submodules" date="2025-12-12T04:58:13.451" >
          <step title="Updating submodules." date="2025-12-12T04:58:13.498" /><!-- duration: 0ms -->
        </step><!-- duration: 47ms -->
        <step title="Preparing deployment for commit id &apos;a22a044f4e&apos;." date="2025-12-12T04:58:13.561" /><!-- duration: 0ms -->
        <step title="Determining deployment builder" date="2025-12-12T04:58:13.608" >
          <step title="Builder is OneDeployBuilder" date="2025-12-12T04:58:13.608" /><!-- duration: 0ms -->
        </step><!-- duration: 16ms -->
        <step title="Copying SSH keys" date="2025-12-12T04:58:13.639" /><!-- duration: 0ms -->
        <step title="Building" date="2025-12-12T04:58:13.639" >
          <step title="Running build. Project type: OneDeploy" date="2025-12-12T04:58:13.686" /><!-- duration: 0ms -->
          <step title="Copying the manifest" date="2025-12-12T04:58:13.733" /><!-- duration: 16ms -->
          <step title="Clean deploying to C:\home\site\wwwroot" date="2025-12-12T04:58:13.795" /><!-- duration: 0ms -->
          <step title="Generating deployment script." date="2025-12-12T04:58:13.842" /><!-- duration: 0ms -->
          <step title="Generating deployment script" date="2025-12-12T04:58:13.858" >
            <step title="Using cached version of the deployment script for command: -y --no-dot-deployment -r &quot;C:\local\Temp\zipdeploy\extracted&quot; -o &quot;C:\home\site\deployments\tools&quot; --basic --sitePath &quot;C:\local\Temp\zipdeploy\extracted&quot;" date="2025-12-12T04:58:13.904" /><!-- duration: 0ms -->
            <step title="Using cached version of deployment script (command: &apos;azure -y --no-dot-deployment -r &quot;C:\local\Temp\zipdeploy\extracted&quot; -o &quot;C:\home\site\deployments\tools&quot; --basic --sitePath &quot;C:\local\Temp\zipdeploy\extracted&quot;&apos;)." date="2025-12-12T04:58:13.920" /><!-- duration: 0ms -->
          </step><!-- duration: 94ms -->
          <step title="Running deployment command..." date="2025-12-12T04:58:13.998" /><!-- duration: 0ms -->
          <step title="Command: &quot;C:\home\site\deployments\tools\deploy.cmd&quot;" date="2025-12-12T04:58:14.014" /><!-- duration: 0ms -->
          <step title="Executing external process" date="2025-12-12T04:58:14.029" type="process" path="starter.cmd" arguments="&quot;C:\home\site\deployments\tools\deploy.cmd&quot;" >
            <step title="Handling Basic Web Site deployment." date="2025-12-12T04:58:14.154" /><!-- duration: 0ms -->
            <step title="Creating app_offline.htm" date="2025-12-12T04:58:14.670" /><!-- duration: 16ms -->
            <step title="KuduSync.NET from: &apos;C:\local\Temp\zipdeploy\extracted&apos; to: &apos;C:\home\site\wwwroot&apos;" date="2025-12-12T04:58:14.686" /><!-- duration: 16ms -->
            <step title="Deleting file: &apos;logs\stdout_20251212045600_11908.log&apos;" date="2025-12-12T04:58:14.701" /><!-- duration: 16ms -->
            <step title="Deleting file: &apos;logs\stdout_20251212045623_532.log&apos;" date="2025-12-12T04:58:14.717" /><!-- duration: 16ms -->
            <step title="Deleting directory: &apos;logs&apos;" date="2025-12-12T04:58:14.733" /><!-- duration: 16ms -->
            <step title="Copying file: &apos;appsettings.json&apos;" date="2025-12-12T04:58:14.764" /><!-- duration: 0ms -->
            <step title="Copying file: &apos;publish\projektas.deps.json&apos;" date="2025-12-12T04:58:14.764" /><!-- duration: 16ms -->
            <step title="Copying file: &apos;publish\publish\appsettings.Development.json&apos;" date="2025-12-12T04:58:14.780" /><!-- duration: 16ms -->
            <step title="Copying file: &apos;publish\publish\appsettings.json&apos;" date="2025-12-12T04:58:14.795" /><!-- duration: 16ms -->
            <step title="Copying file: &apos;publish\publish\appsettings.Production.json&apos;" date="2025-12-12T04:58:14.811" /><!-- duration: 16ms -->
            <step title="Copying file: &apos;publish\publish\projektas.deps.json&apos;" date="2025-12-12T04:58:14.827" /><!-- duration: 16ms -->
            <step title="Copying file: &apos;publish\publish\projektas.runtimeconfig.json&apos;" date="2025-12-12T04:58:14.842" /><!-- duration: 16ms -->
            <step title="Copying file: &apos;publish\publish\web.config&apos;" date="2025-12-12T04:58:14.874" /><!-- duration: 0ms -->
            <step title="Deleting app_offline.htm" date="2025-12-12T04:58:14.889" /><!-- duration: 0ms -->
            <step title="Finished successfully." date="2025-12-12T04:58:14.905" /><!-- duration: 0ms -->
          </step><!-- duration: 875ms -->
          <step title="Build completed succesfully." date="2025-12-12T04:58:14.952" /><!-- duration: 0ms -->
          <step title="Running post deployment command(s)..." date="2025-12-12T04:58:14.999" /><!-- duration: 0ms -->
          <step title="Requesting site restart" date="2025-12-12T04:58:15.061" /><!-- duration: 0ms -->
          <step title="Requesting site restart" date="2025-12-12T04:58:15.061" /><!-- duration: 16ms -->
          <step title="Requesting site restart. Attempt #1" date="2025-12-12T04:58:15.108" /><!-- duration: 0ms -->
          <step title="Requesting site restart. Attempt #1" date="2025-12-12T04:58:15.124" /><!-- duration: 0ms -->
          <step title="Successfully requested a restart. Attempt #1" date="2025-12-12T04:58:15.483" /><!-- duration: 0ms -->
          <step title="Successfully requested a restart. Attempt #1" date="2025-12-12T04:58:15.483" /><!-- duration: 16ms -->
          <step title="Deployment successful. DEPLOYMENTINFO: deploymentPath = OneDeploy, deployer = OneDeploy, os = windows, sku = Free, siteName = skaiciuokle, siteHostName = skaiciuokle-e3hudbegbrdycfcs.canadacentral-01.azurewebsites.net, deploymentStatus = Success" date="2025-12-12T04:58:15.530" /><!-- duration: 16ms -->
        </step><!-- duration: 2016ms -->
      </step><!-- duration: 2282ms -->
      <step title="Cleaning up temp files" date="2025-12-12T04:58:15.671" /><!-- duration: 0ms -->
      <step title="Skip function trigger and logicapp sync because function is not enabled." date="2025-12-12T04:58:15.686" /><!-- duration: 0ms -->
    </step><!-- duration: 2845ms -->
    <step title="LockFile &apos;C:\home\site\locks\deployments.lock&apos; released" date="2025-12-12T04:58:15.733" /><!-- duration: 0ms -->
    <step title="Deleting shutdown sentinel file" date="2025-12-12T04:58:15.749" SemaphoreCount="8" /><!-- duration: 0ms -->
  </step><!-- duration: 3690ms -->
  <step title="Outgoing response" date="2025-12-12T04:58:15.765" type="response" statusCode="200" statusText="OK" Server="Microsoft-IIS/10.0" x-ms-request-id="23f8b07b-d717-11f0-8a49-24ee9ad9d73e" Cache-Control="private" X-AspNet-Version="4.0.30319" /><!-- duration: 16ms -->
</step><!-- duration: 4065ms -->
