﻿<?xml version="1.0" encoding="utf-8"?>
<entries>
  <entry time="2025-12-12T04:38:28.4605394+00:00" type="Message">
    <message>[Information] [user: karolis.krukauskas@gmail.com] [eafef79a-2f4a-4be0-8226-dcad16a11f29] WebDeploy operation complete. Performing post-deployment operations.</message>
  </entry>
  <entry time="2025-12-12T04:38:28.569916+00:00" type="Message">
    <message>[Verbose] [user: karolis.krukauskas@gmail.com] Skip function trigger and logicapp sync because function is not enabled.</message>
  </entry>
  <entry time="2025-12-12T04:38:28.569916+00:00" type="Message">
    <message>[Verbose] [user: karolis.krukauskas@gmail.com] AutoSwap is not enabled</message>
  </entry>
  <entry time="2025-12-12T04:38:28.569916+00:00" type="Message">
    <message>[Information] [user: karolis.krukauskas@gmail.com] [eafef79a-2f4a-4be0-8226-dcad16a11f29] Post-deployment operations complete.</message>
  </entry>
  <entry time="2025-12-12T04:50:21.0511717+00:00" type="Message">
    <message>[Information] [user: karolis.krukauskas@gmail.com] [064c3367-f7d5-4d2a-b163-305991cff91d] WebDeploy operation complete. Performing post-deployment operations.</message>
  </entry>
  <entry time="2025-12-12T04:50:21.1449389+00:00" type="Message">
    <message>[Verbose] [user: karolis.krukauskas@gmail.com] Skip function trigger and logicapp sync because function is not enabled.</message>
  </entry>
  <entry time="2025-12-12T04:50:21.1449389+00:00" type="Message">
    <message>[Verbose] [user: karolis.krukauskas@gmail.com] AutoSwap is not enabled</message>
  </entry>
  <entry time="2025-12-12T04:50:21.1449389+00:00" type="Message">
    <message>[Information] [user: karolis.krukauskas@gmail.com] [064c3367-f7d5-4d2a-b163-305991cff91d] Post-deployment operations complete.</message>
  </entry>
  <entry time="2025-12-12T04:52:35.4159311+00:00" type="Message">
    <message>[Information] [user: karolis.krukauskas@gmail.com] [fd5cb5f4-02fb-4466-bdc5-e49801097790] WebDeploy operation complete. Performing post-deployment operations.</message>
  </entry>
  <entry time="2025-12-12T04:52:35.4940756+00:00" type="Message">
    <message>[Verbose] [user: karolis.krukauskas@gmail.com] Skip function trigger and logicapp sync because function is not enabled.</message>
  </entry>
  <entry time="2025-12-12T04:52:35.4940756+00:00" type="Message">
    <message>[Verbose] [user: karolis.krukauskas@gmail.com] AutoSwap is not enabled</message>
  </entry>
  <entry time="2025-12-12T04:52:35.4940756+00:00" type="Message">
    <message>[Information] [user: karolis.krukauskas@gmail.com] [fd5cb5f4-02fb-4466-bdc5-e49801097790] Post-deployment operations complete.</message>
  </entry>
  <entry time="2025-12-12T04:53:19.8684049Z" type="Message">
    <message>[Information] [user: karolis.krukauskas@gmail.com] [bccf99a2-5e8b-4a63-b0d7-9e6e16342ede] WebDeploy operation complete. Performing post-deployment operations.</message>
  </entry>
  <entry time="2025-12-12T04:53:19.8684049Z" type="Message">
    <message>[Verbose] [user: karolis.krukauskas@gmail.com] Skip function trigger and logicapp sync because function is not enabled.</message>
  </entry>
  <entry time="2025-12-12T04:53:19.8684049Z" type="Message">
    <message>[Verbose] [user: karolis.krukauskas@gmail.com] AutoSwap is not enabled</message>
  </entry>
  <entry time="2025-12-12T04:53:19.8684049Z" type="Message">
    <message>[Information] [user: karolis.krukauskas@gmail.com] [bccf99a2-5e8b-4a63-b0d7-9e6e16342ede] Post-deployment operations complete.</message>
  </entry>
</entries>