{"TimeStamp":"2025-12-12T04:58:15Z","SiteName":"skaiciuokle","RequestId":"23f8b07b-d717-11f0-8a49-24ee9ad9d73e","Kind":"OneDeploy","Status":"Success","Details":"{\"Id\":\"a22a044f4e8b43569130bb4f8b6453d8\",\"Status\":4,\"StatusText\":\"\",\"AuthorEmail\":\"N/A\",\"Author\":\"N/A\",\"Message\":\"OneDeploy\",\"Progress\":\"\",\"Deployer\":\"OneDeploy\",\"ReceivedTime\":\"2025-12-12T04:58:13.4205699Z\",\"StartTime\":\"2025-12-12T04:58:13.5768181Z\",\"EndTime\":\"2025-12-12T04:58:15.5615772Z\",\"LastSuccessEndTime\":\"2025-12-12T04:58:15.5615772Z\",\"Complete\":true,\"IsTemporary\":false,\"IsReadOnly\":true,\"SiteName\":\"skaiciuokle\",\"HostName\":\"skaiciuokle-e3hudbegbrdycfcs.scm.canadacentral-01.azurewebsites.net\",\"ProjectType\":\"OneDeploy\",\"VsProjectId\":null}"}